rank,file,t_sec,score,U,A,D,n_boxes,n_ambiguous,empty,selected
1,frame_0008.jpg,3.2,0.7571,0.9642,0.25,1.0,3,2,False,True
2,frame_0004.jpg,1.6,0.7335,0.617,0.75,1.0,6,6,False,False
3,frame_0170.jpg,68.0,0.7236,0.7302,0.875,0.48,8,7,False,True
4,frame_0018.jpg,7.2,0.7127,0.7253,0.5,1.0,5,4,False,True
5,frame_0000.jpg,0.0,0.699,0.698,0.5,1.0,6,4,False,True
6,frame_0002.jpg,0.8,0.6983,0.6216,0.625,1.0,6,5,False,False
7,frame_0072.jpg,28.8,0.6934,0.8367,0.25,1.0,6,2,False,True
8,frame_0285.jpg,114.0,0.6792,0.8934,0.375,0.6,4,3,False,True
9,frame_0011.jpg,4.4,0.6714,0.7178,0.375,1.0,3,3,False,False
10,frame_0001.jpg,0.4,0.6592,0.7684,0.25,1.0,6,2,False,False
11,frame_0387.jpg,154.8,0.6589,0.6378,1.0,0.2,9,8,False,True
12,frame_0015.jpg,6.0,0.6558,0.6865,0.375,1.0,4,3,False,False
13,frame_0076.jpg,30.4,0.6465,0.6249,0.5,0.92,6,4,False,False
14,frame_0075.jpg,30.0,0.6457,0.6823,0.375,0.96,4,3,False,False
15,frame_0284.jpg,113.6,0.6455,0.6921,0.625,0.56,5,5,False,False
16,frame_0292.jpg,116.8,0.6451,0.5952,0.625,0.8,6,5,False,True
17,frame_0005.jpg,2.0,0.6411,0.6571,0.375,1.0,5,3,False,False
18,frame_0070.jpg,28.0,0.6378,0.5755,0.5,1.0,6,4,False,False
19,frame_0021.jpg,8.4,0.6349,0.5699,0.5,1.0,5,4,False,False
20,frame_0029.jpg,11.6,0.626,0.627,0.375,1.0,4,3,False,True
21,frame_0003.jpg,1.2,0.6244,0.5489,0.5,1.0,5,4,False,False
22,frame_0079.jpg,31.6,0.6242,0.7035,0.375,0.8,7,3,False,True
23,frame_0279.jpg,111.6,0.62,0.871,0.375,0.36,6,3,False,True
24,frame_0209.jpg,83.6,0.6198,0.7266,0.375,0.72,3,3,False,True
25,frame_0290.jpg,116.0,0.6179,0.7658,0.25,0.8,5,2,False,False
26,frame_0009.jpg,3.6,0.6156,0.6812,0.25,1.0,2,2,False,False
27,frame_0077.jpg,30.8,0.6088,0.7905,0.125,0.88,6,1,False,False
28,frame_0074.jpg,29.6,0.6077,0.6654,0.25,1.0,7,2,False,False
29,frame_0384.jpg,153.6,0.6069,0.8498,0.5,0.16,8,4,False,False
30,frame_0388.jpg,155.2,0.6052,0.5464,1.0,0.16,9,8,False,False
31,frame_0078.jpg,31.2,0.6041,0.6472,0.375,0.84,8,3,False,False
32,frame_0230.jpg,92.0,0.6008,0.8536,0.5,0.12,7,4,False,False
33,frame_0073.jpg,29.2,0.5996,0.5742,0.375,1.0,5,3,False,False
34,frame_0024.jpg,9.6,0.5928,0.7106,0.125,1.0,1,1,False,False
35,frame_0169.jpg,67.6,0.5926,0.6772,0.5,0.52,6,4,False,False
36,frame_0377.jpg,150.8,0.5924,0.6868,0.75,0.12,8,6,False,False
37,frame_0116.jpg,46.4,0.5916,0.7392,0.5,0.36,9,4,False,False
38,frame_0295.jpg,118.0,0.5904,0.6838,0.375,0.68,7,3,False,False
39,frame_0027.jpg,10.8,0.5844,0.6188,0.25,1.0,2,2,False,False
40,frame_0309.jpg,123.6,0.5745,0.726,0.625,0.12,5,5,False,False
41,frame_0175.jpg,70.0,0.5738,0.7355,0.5,0.28,4,4,False,False
42,frame_0374.jpg,149.6,0.5738,0.6176,0.75,0.2,8,6,False,False
43,frame_0071.jpg,28.4,0.571,0.592,0.25,1.0,5,2,False,False
44,frame_0128.jpg,51.2,0.5703,0.5796,0.375,0.84,6,3,False,False
45,frame_0306.jpg,122.4,0.5703,0.7445,0.5,0.24,8,4,False,False
46,frame_0378.jpg,151.2,0.5696,0.7321,0.625,0.08,9,5,False,False
47,frame_0019.jpg,7.6,0.5682,0.5864,0.25,1.0,2,2,False,False
48,frame_0125.jpg,50.0,0.5631,0.6132,0.375,0.72,5,3,False,False
49,frame_0385.jpg,154.0,0.5616,0.8183,0.375,0.2,8,3,False,False
50,frame_0210.jpg,84.0,0.5607,0.6994,0.25,0.68,3,2,False,False
51,frame_0297.jpg,118.8,0.5584,0.5768,0.5,0.6,6,4,False,False
52,frame_0188.jpg,75.2,0.5524,0.7137,0.625,0.04,8,5,False,False
53,frame_0030.jpg,12.0,0.5522,0.5544,0.25,1.0,7,2,False,False
54,frame_0085.jpg,34.0,0.5498,0.7255,0.25,0.56,2,2,False,False
55,frame_0196.jpg,78.4,0.5472,0.8003,0.25,0.36,2,2,False,False
56,frame_0106.jpg,42.4,0.545,0.774,0.5,0.04,6,4,False,False
57,frame_0376.jpg,150.4,0.5447,0.6503,0.625,0.16,6,5,False,False
58,frame_0124.jpg,49.6,0.5424,0.6628,0.25,0.68,7,2,False,False
59,frame_0014.jpg,5.6,0.5403,0.4556,0.375,1.0,5,3,False,False
60,frame_0318.jpg,127.2,0.5363,0.6017,0.625,0.24,8,5,False,False
61,frame_0288.jpg,115.2,0.5361,0.6342,0.25,0.72,5,2,False,False
62,frame_0289.jpg,115.6,0.5356,0.6172,0.25,0.76,5,2,False,False
63,frame_0173.jpg,69.2,0.5334,0.6978,0.375,0.36,5,3,False,False
64,frame_0069.jpg,27.6,0.5332,0.4413,0.375,1.0,5,3,False,False
65,frame_0033.jpg,13.2,0.5331,0.5162,0.25,1.0,8,2,False,False
66,frame_0367.jpg,146.8,0.5308,0.6546,0.625,0.08,7,5,False,False
67,frame_0113.jpg,45.2,0.5306,0.6651,0.5,0.24,4,4,False,False
68,frame_0375.jpg,150.0,0.5302,0.6803,0.5,0.2,8,4,False,False
69,frame_0133.jpg,53.2,0.5301,0.4352,0.375,1.0,5,3,False,False
70,frame_0132.jpg,52.8,0.5292,0.5084,0.25,1.0,5,2,False,False
71,frame_0332.jpg,132.8,0.5288,0.7415,0.5,0.04,7,4,False,False
72,frame_0216.jpg,86.4,0.5271,0.8032,0.125,0.44,2,1,False,False
73,frame_0286.jpg,114.4,0.5262,0.6464,0.25,0.64,6,2,False,False
74,frame_0126.jpg,50.4,0.5254,0.4468,0.5,0.76,6,4,False,False
75,frame_0031.jpg,12.4,0.5252,0.4253,0.375,1.0,6,3,False,False
76,frame_0293.jpg,117.2,0.5248,0.5955,0.25,0.76,5,2,False,False
77,frame_0296.jpg,118.4,0.5218,0.5626,0.375,0.64,6,3,False,False
78,frame_0299.jpg,119.6,0.521,0.5339,0.5,0.52,6,4,False,False
79,frame_0123.jpg,49.2,0.5202,0.7095,0.125,0.64,5,1,False,False
80,frame_0127.jpg,50.8,0.5186,0.4172,0.5,0.8,6,4,False,False
81,frame_0017.jpg,6.8,0.5184,0.4118,0.375,1.0,6,3,False,False
82,frame_0114.jpg,45.6,0.5182,0.5494,0.625,0.28,6,5,False,False
83,frame_0010.jpg,4.0,0.5169,0.5588,0.125,1.0,2,1,False,False
84,frame_0278.jpg,111.2,0.5163,0.7546,0.25,0.32,7,2,False,False
85,frame_0028.jpg,11.2,0.5152,0.4805,0.25,1.0,3,2,False,False
86,frame_0291.jpg,116.4,0.5106,0.4602,0.375,0.84,7,3,False,False
87,frame_0129.jpg,51.6,0.5076,0.5882,0.125,0.88,5,1,False,False
88,frame_0304.jpg,121.6,0.5073,0.6617,0.375,0.32,7,3,False,False
89,frame_0389.jpg,155.6,0.5042,0.5854,0.625,0.12,7,5,False,False
90,frame_0276.jpg,110.4,0.5041,0.6122,0.5,0.24,8,4,False,False
91,frame_0201.jpg,80.4,0.5037,0.5583,0.375,0.56,4,3,False,False
92,frame_0305.jpg,122.0,0.5013,0.5156,0.625,0.28,6,5,False,False
93,frame_0368.jpg,147.2,0.5011,0.6862,0.5,0.04,9,4,False,False
94,frame_0224.jpg,89.6,0.5009,0.8787,0.125,0.12,3,1,False,False
95,frame_0130.jpg,52.0,0.5008,0.4086,0.375,0.92,5,3,False,False
96,frame_0280.jpg,112.0,0.5004,0.6907,0.25,0.4,6,2,False,False
97,frame_0319.jpg,127.6,0.4992,0.5114,0.625,0.28,9,5,False,False
98,frame_0300.jpg,120.0,0.4985,0.58,0.375,0.48,8,3,False,False
99,frame_0320.jpg,128.0,0.4948,0.7435,0.25,0.24,7,2,False,False
100,frame_0208.jpg,83.2,0.4943,0.6095,0.125,0.76,3,1,False,False
101,frame_0118.jpg,47.2,0.4931,0.5852,0.375,0.44,4,3,False,False
102,frame_0006.jpg,2.4,0.4879,0.4258,0.25,1.0,3,2,False,False
103,frame_0025.jpg,10.0,0.4859,0.5719,0.0,1.0,2,0,False,False
104,frame_0391.jpg,156.4,0.4857,0.6554,0.5,0.04,9,4,False,False
105,frame_0087.jpg,34.8,0.4855,0.629,0.25,0.48,4,2,False,False
106,frame_0287.jpg,114.8,0.4849,0.6228,0.125,0.68,6,1,False,False
107,frame_0398.jpg,159.2,0.4845,0.6481,0.375,0.24,8,3,False,False
108,frame_0333.jpg,133.2,0.4788,0.6255,0.5,0.08,8,4,False,False
109,frame_0397.jpg,158.8,0.477,0.649,0.375,0.2,7,3,False,False
110,frame_0168.jpg,67.2,0.4769,0.5799,0.25,0.56,7,2,False,False
111,frame_0371.jpg,148.4,0.4766,0.6212,0.5,0.08,5,4,False,False
112,frame_0317.jpg,126.8,0.4745,0.5689,0.5,0.2,5,4,False,False
113,frame_0095.jpg,38.0,0.4704,0.6518,0.375,0.16,6,3,False,False
114,frame_0232.jpg,92.8,0.4695,0.634,0.375,0.2,7,3,False,False
115,frame_0097.jpg,38.8,0.468,0.604,0.5,0.08,7,4,False,False
116,frame_0067.jpg,26.8,0.4673,0.3847,0.25,1.0,8,2,False,False
117,frame_0217.jpg,86.8,0.4667,0.5485,0.375,0.4,3,3,False,False
118,frame_0231.jpg,92.4,0.4624,0.5608,0.5,0.16,9,4,False,False
119,frame_0098.jpg,39.2,0.4594,0.6028,0.5,0.04,8,4,False,False
120,frame_0303.jpg,121.2,0.4548,0.5407,0.375,0.36,7,3,False,False
121,frame_0302.jpg,120.8,0.4502,0.5903,0.25,0.4,8,2,False,False
122,frame_0307.jpg,122.8,0.4494,0.5188,0.5,0.2,7,4,False,False
123,frame_0016.jpg,6.4,0.4466,0.3433,0.25,1.0,7,2,False,False
124,frame_0032.jpg,12.8,0.4446,0.3393,0.25,1.0,6,2,False,False
125,frame_0277.jpg,110.8,0.444,0.476,0.5,0.28,7,4,False,False
126,frame_0194.jpg,77.6,0.4434,0.5498,0.375,0.28,4,3,False,False
127,frame_0281.jpg,112.4,0.4418,0.5576,0.25,0.44,4,2,False,False
128,frame_0283.jpg,113.2,0.4413,0.5246,0.25,0.52,6,2,False,False
129,frame_0122.jpg,48.8,0.4411,0.4923,0.25,0.6,4,2,False,False
130,frame_0329.jpg,131.6,0.4406,0.6992,0.25,0.08,8,2,False,False
131,frame_0372.jpg,148.8,0.4404,0.6078,0.375,0.12,8,3,False,False
132,frame_0390.jpg,156.0,0.4399,0.5478,0.5,0.08,8,4,False,False
133,frame_0202.jpg,80.8,0.4383,0.4866,0.25,0.6,5,2,False,False
134,frame_0330.jpg,132.0,0.4378,0.7096,0.25,0.04,8,2,False,False
135,frame_0088.jpg,35.2,0.4377,0.5494,0.25,0.44,4,2,False,False
136,frame_0184.jpg,73.6,0.4355,0.6139,0.375,0.08,5,3,False,False
137,frame_0294.jpg,117.6,0.4354,0.5077,0.125,0.72,5,1,False,False
138,frame_0195.jpg,78.0,0.4345,0.5161,0.375,0.32,5,3,False,False
139,frame_0298.jpg,119.2,0.4345,0.4951,0.25,0.56,6,2,False,False
140,frame_0327.jpg,130.8,0.4336,0.6263,0.375,0.04,8,3,False,False
141,frame_0379.jpg,151.6,0.433,0.6249,0.375,0.04,9,3,False,False
142,frame_0131.jpg,52.4,0.4325,0.406,0.125,0.96,5,1,False,False
143,frame_0012.jpg,4.8,0.4307,0.3114,0.25,1.0,4,2,False,False
144,frame_0386.jpg,154.4,0.4284,0.6859,0.125,0.24,8,1,False,False
145,frame_0308.jpg,123.2,0.4272,0.4904,0.5,0.16,5,4,False,False
146,frame_0115.jpg,46.0,0.4269,0.5008,0.375,0.32,8,3,False,False
147,frame_0068.jpg,27.2,0.4264,0.3779,0.125,1.0,5,1,False,False
148,frame_0105.jpg,42.0,0.4254,0.5939,0.375,0.08,6,3,False,False
149,frame_0200.jpg,80.0,0.4232,0.4884,0.25,0.52,2,2,False,False
150,frame_0185.jpg,74.0,0.4223,0.5876,0.375,0.08,6,3,False,False
151,frame_0089.jpg,35.6,0.4222,0.4594,0.375,0.4,6,3,False,False
152,frame_0383.jpg,153.2,0.4222,0.5713,0.375,0.12,7,3,False,False
153,frame_0121.jpg,48.4,0.422,0.4699,0.25,0.56,4,2,False,False
154,frame_0310.jpg,124.0,0.4215,0.586,0.375,0.08,5,3,False,False
155,frame_0167.jpg,66.8,0.4204,0.3757,0.375,0.6,5,3,False,False
156,frame_0301.jpg,120.4,0.4135,0.426,0.375,0.44,5,3,False,False
157,frame_0119.jpg,47.6,0.4121,0.4822,0.25,0.48,3,2,False,False
158,frame_0183.jpg,73.2,0.4117,0.6573,0.25,0.04,4,2,False,False
159,frame_0174.jpg,69.6,0.4113,0.4696,0.375,0.32,5,3,False,False
160,frame_0020.jpg,8.0,0.4086,0.3422,0.125,1.0,5,1,False,False
161,frame_0023.jpg,9.2,0.4073,0.3395,0.125,1.0,2,1,False,False
162,frame_0370.jpg,148.0,0.4027,0.5644,0.375,0.04,7,3,False,False
163,frame_0081.jpg,32.4,0.4019,0.3658,0.25,0.72,6,2,False,False
164,frame_0171.jpg,68.4,0.4017,0.4774,0.25,0.44,5,2,False,False
165,frame_0120.jpg,48.0,0.398,0.438,0.25,0.52,4,2,False,False
166,frame_0396.jpg,158.4,0.3971,0.5801,0.25,0.16,7,2,False,False
167,frame_0112.jpg,44.8,0.3969,0.6387,0.125,0.2,4,1,False,False
168,frame_0313.jpg,125.2,0.3966,0.6271,0.25,0.04,2,2,False,False
169,frame_0233.jpg,93.2,0.3924,0.4638,0.375,0.24,6,3,False,False
170,frame_0186.jpg,74.4,0.3901,0.5393,0.375,0.04,11,3,False,False
171,frame_0203.jpg,81.2,0.3896,0.4482,0.125,0.64,4,1,False,False
172,frame_0007.jpg,2.8,0.3888,0.3026,0.125,1.0,4,1,False,False
173,frame_0180.jpg,72.0,0.3872,0.5174,0.375,0.08,5,3,False,False
174,frame_0086.jpg,34.4,0.3861,0.4143,0.25,0.52,4,2,False,False
175,frame_0315.jpg,126.0,0.3828,0.5675,0.25,0.12,7,2,False,False
176,frame_0199.jpg,79.6,0.3825,0.498,0.125,0.48,1,1,False,False
177,frame_0026.jpg,10.4,0.3756,0.3512,0.0,1.0,3,0,False,False
178,frame_0179.jpg,71.6,0.375,0.4769,0.375,0.12,5,3,False,False
179,frame_0220.jpg,88.0,0.3725,0.4829,0.25,0.28,3,2,False,False
180,frame_0322.jpg,128.8,0.3692,0.4494,0.375,0.16,6,3,False,False
181,frame_0082.jpg,32.8,0.3688,0.3155,0.25,0.68,6,2,False,False
182,frame_0275.jpg,110.0,0.3688,0.5076,0.25,0.2,6,2,False,False
183,frame_0311.jpg,124.4,0.3688,0.4965,0.375,0.04,4,3,False,False
184,frame_0013.jpg,5.2,0.3663,0.3326,0.0,1.0,4,0,False,False
185,frame_0084.jpg,33.6,0.3614,0.3327,0.25,0.6,3,2,False,False
186,frame_0111.jpg,44.4,0.3596,0.4301,0.375,0.16,5,3,False,False
187,frame_0211.jpg,84.4,0.3596,0.3132,0.25,0.64,3,2,False,False
188,frame_0267.jpg,106.8,0.3587,0.5194,0.25,0.12,3,2,False,False
189,frame_0373.jpg,149.2,0.3571,0.5002,0.25,0.16,7,2,False,False
190,frame_0080.jpg,32.0,0.3564,0.2587,0.25,0.76,8,2,False,False
191,frame_0274.jpg,109.6,0.3554,0.4968,0.25,0.16,5,2,False,False
192,frame_0226.jpg,90.4,0.3551,0.3942,0.5,0.04,5,4,False,False
193,frame_0206.jpg,82.4,0.3511,0.3232,0.125,0.76,3,1,False,False
194,frame_0091.jpg,36.4,0.3444,0.4108,0.25,0.32,3,2,False,False
195,frame_0207.jpg,82.8,0.343,0.291,0.125,0.8,3,1,False,False
196,frame_0328.jpg,131.2,0.3425,0.4279,0.375,0.08,7,3,False,False
197,frame_0176.jpg,70.4,0.3392,0.5074,0.125,0.24,5,1,False,False
198,frame_0215.jpg,86.0,0.337,0.3321,0.25,0.48,4,2,False,False
199,frame_0282.jpg,112.8,0.3357,0.4044,0.125,0.48,5,1,False,False
200,frame_0272.jpg,108.8,0.3346,0.4871,0.25,0.08,4,2,False,False
201,frame_0193.jpg,77.2,0.3338,0.3466,0.375,0.24,5,3,False,False
202,frame_0399.jpg,159.6,0.3332,0.4045,0.25,0.28,8,2,False,False
203,frame_0191.jpg,76.4,0.3307,0.5975,0.0,0.16,5,0,False,False
204,frame_0172.jpg,68.8,0.3305,0.351,0.25,0.4,5,2,False,False
205,frame_0321.jpg,128.4,0.3281,0.3511,0.375,0.2,6,3,False,False
206,frame_0225.jpg,90.0,0.324,0.466,0.25,0.08,6,2,False,False
207,frame_0323.jpg,129.2,0.3213,0.5196,0.125,0.12,4,1,False,False
208,frame_0096.jpg,38.4,0.3197,0.5913,0.0,0.12,7,0,False,False
209,frame_0218.jpg,87.2,0.3192,0.4195,0.125,0.36,3,1,False,False
210,frame_0271.jpg,108.4,0.3158,0.5406,0.125,0.04,4,1,False,False
211,frame_0205.jpg,82.0,0.3143,0.2656,0.125,0.72,2,1,False,False
212,frame_0117.jpg,46.8,0.3125,0.39,0.125,0.4,4,1,False,False
213,frame_0109.jpg,43.6,0.3099,0.4378,0.25,0.08,6,2,False,False
214,frame_0189.jpg,75.6,0.3093,0.5116,0.125,0.08,4,1,False,False
215,frame_0273.jpg,109.2,0.3093,0.4206,0.25,0.12,4,2,False,False
216,frame_0222.jpg,88.8,0.3078,0.3856,0.25,0.2,6,2,False,False
217,frame_0394.jpg,157.6,0.3051,0.4282,0.25,0.08,4,2,False,False
218,frame_0104.jpg,41.6,0.3042,0.4103,0.25,0.12,3,2,False,False
219,frame_0198.jpg,79.2,0.3023,0.3535,0.125,0.44,2,1,False,False
220,frame_0314.jpg,125.6,0.2994,0.4919,0.125,0.08,5,1,False,False
221,frame_0108.jpg,43.2,0.2971,0.5032,0.125,0.04,6,1,False,False
222,frame_0092.jpg,36.8,0.2958,0.4045,0.125,0.28,5,1,False,False
223,frame_0382.jpg,152.8,0.2949,0.4078,0.25,0.08,7,2,False,False
224,frame_0229.jpg,91.6,0.2908,0.3995,0.25,0.08,7,2,False,False
225,frame_0103.jpg,41.2,0.2892,0.3643,0.25,0.16,4,2,False,False
226,frame_0178.jpg,71.2,0.2884,0.3629,0.25,0.16,6,2,False,False
227,frame_0192.jpg,76.8,0.2874,0.3448,0.25,0.2,5,2,False,False
228,frame_0094.jpg,37.6,0.2872,0.3443,0.25,0.2,5,2,False,False
229,frame_0395.jpg,158.0,0.2872,0.3764,0.25,0.12,5,2,False,False
230,frame_0213.jpg,85.2,0.2862,0.2733,0.125,0.56,4,1,False,False
231,frame_0083.jpg,33.2,0.284,0.2369,0.125,0.64,8,1,False,False
232,frame_0102.jpg,40.8,0.2839,0.3698,0.25,0.12,6,2,False,False
233,frame_0090.jpg,36.0,0.2814,0.3439,0.125,0.36,5,1,False,False
234,frame_0221.jpg,88.4,0.2763,0.3066,0.25,0.24,5,2,False,False
235,frame_0214.jpg,85.6,0.2702,0.2575,0.125,0.52,3,1,False,False
236,frame_0190.jpg,76.0,0.2686,0.4142,0.125,0.12,4,1,False,False
237,frame_0324.jpg,129.6,0.2672,0.3525,0.25,0.08,4,2,False,False
238,frame_0177.jpg,70.8,0.2665,0.3779,0.125,0.2,6,1,False,False
239,frame_0022.jpg,8.8,0.2659,0.1318,0.0,1.0,4,0,False,False
240,frame_0219.jpg,87.6,0.2652,0.3274,0.125,0.32,4,1,False,False
241,frame_0212.jpg,84.8,0.2647,0.2144,0.125,0.6,3,1,False,False
242,frame_0093.jpg,37.2,0.2631,0.2802,0.25,0.24,4,2,False,False
243,frame_0204.jpg,81.6,0.2613,0.2506,0.0,0.68,2,0,False,False
244,frame_0228.jpg,91.2,0.2479,0.4048,0.125,0.04,4,1,False,False
245,frame_0268.jpg,107.2,0.242,0.3771,0.125,0.08,4,1,False,False
246,frame_0100.jpg,40.0,0.2406,0.3902,0.125,0.04,5,1,False,False
247,frame_0316.jpg,126.4,0.2316,0.3243,0.125,0.16,6,1,False,False
248,frame_0223.jpg,89.2,0.224,0.309,0.125,0.16,6,1,False,False
249,frame_0381.jpg,152.4,0.2074,0.3237,0.125,0.04,6,1,False,False
250,frame_0181.jpg,72.4,0.207,0.323,0.125,0.04,7,1,False,False
251,frame_0269.jpg,107.6,0.207,0.3229,0.125,0.04,5,1,False,False
252,frame_0101.jpg,40.4,0.193,0.2791,0.125,0.08,5,1,False,False
253,frame_0393.jpg,157.2,0.1877,0.2844,0.125,0.04,5,1,False,False
254,frame_0110.jpg,44.0,0.1772,0.3065,0.0,0.12,3,0,False,False
255,frame_0325.jpg,130.0,0.1618,0.2327,0.125,0.04,6,1,False,False
256,frame_0197.jpg,78.8,0.1575,0.155,0.0,0.4,1,0,False,False
